<?xml version="1.0" encoding="UTF-8"?>
<project-private xmlns="http://www.netbeans.org/ns/project-private/1">
    <editor-bookmarks xmlns="http://www.netbeans.org/ns/editor-bookmarks/2" lastBookmarkId="0"/>
    <open-files xmlns="http://www.netbeans.org/ns/projectui-open-files/2">
        <group>
            <file>file:/C:/Users/Spaulding/Documents/school/Formatting/Formatting/Formatting/src/Formatting/BraceAlign.java</file>
            <file>file:/C:/Users/Spaulding/Documents/school/Formatting/Formatting/Formatting/src/Formatting/LineOfText.java</file>
            <file>file:/C:/Users/Spaulding/Documents/school/Formatting/Formatting/Formatting/src/Formatting/Formatting.java</file>
            <file>file:/C:/Users/Spaulding/Documents/school/Formatting/Formatting/Formatting/src/Formatting/ErrorFinder.java</file>
            <file>file:/C:/Users/Spaulding/Documents/school/Formatting/Formatting/Formatting/src/Formatting/MethodSpacing.java</file>
        </group>
    </open-files>
</project-private>
