<?xml version="1.0" encoding="UTF-8"?>
<project-private xmlns="http://www.netbeans.org/ns/project-private/1">
    <editor-bookmarks xmlns="http://www.netbeans.org/ns/editor-bookmarks/2" lastBookmarkId="0"/>
    <open-files xmlns="http://www.netbeans.org/ns/projectui-open-files/2">
        <group>
            <file>file:/C:/Users/chris_000/Documents/School/PrinciplesofProgramming/Formatting/Formatting/src/Formatting/LineOfText.java</file>
            <file>file:/C:/Users/chris_000/Documents/School/PrinciplesofProgramming/Formatting/Formatting/src/Formatting/BraceAlingment.java</file>
            <file>file:/C:/Users/chris_000/Documents/School/PrinciplesofProgramming/Formatting/Formatting/src/Formatting/BracePosition.java</file>
            <file>file:/C:/Users/chris_000/Documents/School/PrinciplesofProgramming/Formatting/Formatting/src/Formatting/test1.txt</file>
            <file>file:/C:/Users/chris_000/Documents/School/PrinciplesofProgramming/Formatting/Formatting/src/Formatting/OpeningBrace.java</file>
            <file>file:/C:/Users/chris_000/Documents/School/PrinciplesofProgramming/Formatting/Formatting/src/Formatting/Formatting.java</file>
        </group>
    </open-files>
</project-private>
